Workbook

Sheet Raw_Employee_Data
A1: Emp ID | B1: Full Name | C1: Dept Code | D1: Department Name | E1: Hire Date | F1: Years of Service | G1: Salary | H1: Perf_Score | I1: Performance Band | J1: Eligible Bonus Amount | K1: Employment Status
A2: EMP127 | B2: Emily Brown | C2: IT02 | D2: =VLOOKUP(Table1[[#This Row],[Dept Code]],Lookup_Departments!$A$1:$B$7,2,0) -> Information Technology | E2: 43093 | F2: =DATEDIF(E2,TODAY(),"Y") -> 8 | G2: 50361 | H2: 52 | I2: =VLOOKUP(H2,Lookup_Performance!$A$2:$D$6,3,TRUE) -> Developing | J2: =IFERROR(G2*VLOOKUP(H2,Lookup_Performance!$A$2:$D$6,4,TRUE),0) -> 1007.22 | K2: ACTIVE
A3: EMP046 | B3: Richard Hernandez | C3: MKT04 | D3: =VLOOKUP(Table1[[#This Row],[Dept Code]],Lookup_Departments!$A$1:$B$7,2,0) -> Marketing | E3: 44659 | F3: =DATEDIF(E3,TODAY(),"Y") -> 4 | G3: 112673 | H3: 70 | I3: =VLOOKUP(H3,Lookup_Performance!$A$2:$D$6,3,TRUE) -> Achieving | J3: =IFERROR(G3*VLOOKUP(H3,Lookup_Performance!$A$2:$D$6,4,TRUE),0) -> 5633.65 | K3: ACTIVE
A4: EMP134 | B4: Emily Gonzalez | C4: IT02 | D4: =VLOOKUP(Table1[[#This Row],[Dept Code]],Lookup_Departments!$A$1:$B$7,2,0) -> Information Technology | E4: 42431 | F4: =DATEDIF(E4,TODAY(),"Y") -> 10 | G4: 114425 | H4: 54 | I4: =VLOOKUP(H4,Lookup_Performance!$A$2:$D$6,3,TRUE) -> Developing | J4: =IFERROR(G4*VLOOKUP(H4,Lookup_Performance!$A$2:$D$6,4,TRUE),0) -> 2288.5 | K4: LEFT
A5: EMP139 | B5: John Martinez | C5: FIN03 | D5: =VLOOKUP(Table1[[#This Row],[Dept Code]],Lookup_Departments!$A$1:$B$7,2,0) -> Finance | E5: 45110 | F5: =DATEDIF(E5,TODAY(),"Y") -> 3 | G5: 103831 | H5: 70 | I5: =VLOOKUP(H5,Lookup_Performance!$A$2:$D$6,3,TRUE) -> Achieving | J5: =IFERROR(G5*VLOOKUP(H5,Lookup_Performance!$A$2:$D$6,4,TRUE),0) -> 5191.55 | K5: ACTIVE
A6: EMP112 | B6: Thomas Smith | C6: IT02 | D6: =VLOOKUP(Table1[[#This Row],[Dept Code]],Lookup_Departments!$A$1:$B$7,2,0) -> Information Technology | E6: 44977 | F6: =DATEDIF(E6,TODAY(),"Y") -> 3 | G6: 73785 | H6: 40 | I6: =VLOOKUP(H6,Lookup_Performance!$A$2:$D$6,3,TRUE) -> Needs Improvement | J6: =IFERROR(G6*VLOOKUP(H6,Lookup_Performance!$A$2:$D$6,4,TRUE),0) -> 0 | K6: LEFT
A7: EMP030 | B7: Emily Johnson | C7: OPS06 | D7: =VLOOKUP(Table1[[#This Row],[Dept Code]],Lookup_Departments!$A$1:$B$7,2,0) -> Operations | E7: 43892 | F7: =DATEDIF(E7,TODAY(),"Y") -> 6 | G7: 115882 | H7: 49 | I7: =VLOOKUP(H7,Lookup_Performance!$A$2:$D$6,3,TRUE) -> Needs Improvement | J7: =IFERROR(G7*VLOOKUP(H7,Lookup_Performance!$A$2:$D$6,4,TRUE),0) -> 0 | K7: ACTIVE
A8: EMP096 | B8: John Wilson | C8: OPS06 | D8: =VLOOKUP(Table1[[#This Row],[Dept Code]],Lookup_Departments!$A$1:$B$7,2,0) -> Operations | E8: 45272 | F8: =DATEDIF(E8,TODAY(),"Y") -> 2 | G8: 59980 | H8: 70 | I8: =VLOOKUP(H8,Lookup_Performance!$A$2:$D$6,3,TRUE) -> Achieving | J8: =IFERROR(G8*VLOOKUP(H8,Lookup_Performance!$A$2:$D$6,4,TRUE),0) -> 2999 | K8: LEFT
A9: EMP098 | B9: Jessica Smith | C9: OPS06 | D9: =VLOOKUP(Table1[[#This Row],[Dept Code]],Lookup_Departments!$A$1:$B$7,2,0) -> Operations | E9: 44174 | F9: =DATEDIF(E9,TODAY(),"Y") -> 5 | G9: 68728 | H9: 45 | I9: =VLOOKUP(H9,Lookup_Performance!$A$2:$D$6,3,TRUE) -> Needs Improvement | J9: =IFERROR(G9*VLOOKUP(H9,Lookup_Performance!$A$2:$D$6,4,TRUE),0) -> 0 | K9: ACTIVE
A10: EMP095 | B10: Rodriguez | C10: FIN03 | D10: =VLOOKUP(Table1[[#This Row],[Dept Code]],Lookup_Departments!$A$1:$B$7,2,0) -> Finance | E10: 43107 | F10: =DATEDIF(E10,TODAY(),"Y") -> 8 | G10: 102139 | H10: 79 | I10: =VLOOKUP(H10,Lookup_Performance!$A$2:$D$6,3,TRUE) -> Achieving | J10: =IFERROR(G10*VLOOKUP(H10,Lookup_Performance!$A$2:$D$6,4,TRUE),0) -> 5106.95 | K10: ACTIVE
A11: EMP140 | B11: Michael Martinez | C11: SAL05 | D11: =VLOOKUP(Table1[[#This Row],[Dept Code]],Lookup_Departments!$A$1:$B$7,2,0) -> Sales | E11: 42676 | F11: =DATEDIF(E11,TODAY(),"Y") -> 9 | G11: 94998 | H11: 58 | I11: =VLOOKUP(H11,Lookup_Performance!$A$2:$D$6,3,TRUE) -> Developing | J11: =IFERROR(G11*VLOOKUP(H11,Lookup_Performance!$A$2:$D$6,4,TRUE),0) -> 1899.96 | K11: ACTIVE
A12: EMP020 | B12: Emily Miller | C12: SAL05 | D12: =VLOOKUP(Table1[[#This Row],[Dept Code]],Lookup_Departments!$A$1:$B$7,2,0) -> Sales | E12: 43911 | F12: =DATEDIF(E12,TODAY(),"Y") -> 6 | G12: 118635 | H12: 49 | I12: =VLOOKUP(H12,Lookup_Performance!$A$2:$D$6,3,TRUE) -> Needs Improvement | J12: =IFERROR(G12*VLOOKUP(H12,Lookup_Performance!$A$2:$D$6,4,TRUE),0) -> 0 | K12: ACTIVE
A13: EMP057 | B13: Emily Hernandez | C13: IT02 | D13: =VLOOKUP(Table1[[#This Row],[Dept Code]],Lookup_Departments!$A$1:$B$7,2,0) -> Information Technology | E13: 42425 | F13: =DATEDIF(E13,TODAY(),"Y") -> 10 | G13: 76918 | H13: 62 | I13: =VLOOKUP(H13,Lookup_Performance!$A$2:$D$6,3,TRUE) -> Developing | J13: =IFERROR(G13*VLOOKUP(H13,Lookup_Performance!$A$2:$D$6,4,TRUE),0) -> 1538.36 | K13: ACTIVE
... A151: EMP103 | B151: Amanda Brown | C151: IT02 | D151: =VLOOKUP(Table1[[#This Row],[Dept Code]],Lookup_Departments!$A$1:$B$7,2,0) -> Information Technology | E151: 44848 | F151: =DATEDIF(E151,TODAY(),"Y") -> 3 | G151: 118634 | H151: 91 | I151: =VLOOKUP(H151,Lookup_Performance!$A$2:$D$6,3,TRUE) -> Exceeding | J151: =IFERROR(G151*VLOOKUP(H151,Lookup_Performance!$A$2:$D$6,4,TRUE),0) -> 9490.72 | K151: ACTIVE

Sheet Lookup_Departments
A1: Dept_Code | B1: Department_Name
A2: HR01 | B2: Human Resources
A3: IT02 | B3: Information Technology
A4: FIN03 | B4: Finance
A5: MKT04 | B5: Marketing
A6: SAL05 | B6: Sales
A7: OPS06 | B7: Operations

Sheet Lookup_Performance
A1: Min_Score | B1: Max_Score | C1: Performance_Band | D1: Bonus_Percentage
A2: 0 | B2: 49 | C2: Needs Improvement | D2: 0
A3: 50 | B3: 69 | C3: Developing | D3: 0.02
A4: 70 | B4: 84 | C4: Achieving | D4: 0.05
A5: 85 | B5: 94 | C5: Exceeding | D5: 0.08
A6: 95 | B6: 100 | C6: Outstanding | D6: 0.12

Sheet Analysis
A2: Total Head Count | C2: Average Salary by Department | F2: Attrition By Department
A3: Count of Emp ID | C3: Row Labels | D3: Average of Salary | F3: Count of Emp ID | G3: Column Labels
A4: 150 | C4: Operations | D4: 79751.103 | F4: Row Labels | G4: ACTIVE | H4: LEFT | I4: RESIGNED | J4: Grand Total | K4: Attrition Rate
C5: Information Technology | D5: 79911.028 | F5: Finance | G5: 14 | H5: 3 | J5: 17 | K5: =H5/J5 -> 0.17647059
C6: Marketing | D6: 85179.895 | F6: Human Resources | G6: 15 | H6: 2 | I6: 1 | J6: 18 | K6: =H6/J6 -> 0.11111111
C7: Sales | D7: 85214.903 | F7: Information Technology | G7: 28 | H7: 6 | I7: 2 | J7: 36 | K7: =H7/J7 -> 0.16666667
C8: Human Resources | D8: 85295.556 | F8: Marketing | G8: 16 | H8: 3 | J8: 19 | K8: =H8/J8 -> 0.15789474
C9: Finance | D9: 86408.941 | F9: Operations | G9: 18 | H9: 6 | I9: 5 | J9: 29 | K9: =H9/J9 -> 0.20689655
C10: Grand Total | D10: 83026.207 | F10: Sales | G10: 25 | H10: 4 | I10: 2 | J10: 31 | K10: =H10/J10 -> 0.12903226
F11: Grand Total | G11: 116 | H11: 24 | I11: 10 | J11: 150 | K11: =H11/J11 -> 0.16
C14: Average Performance By Status | F14: Projected Bonus Payout for the Year
C15: Row Labels | D15: Average of Perf_Score | F15: Row Labels | G15: Sum of Eligible Bonus Amount
C16: ACTIVE | D16: 67.862069 | F16: Achieving | G16: 196829.55
C17: LEFT | D17: 66.291667 | F17: Developing | G17: 70821.66
C18: RESIGNED | D18: 76.4 | F18: Exceeding | G18: 143996.16
C19: Grand Total | D19: 68.18 | F19: Needs Improvement | G19: 0
F20: Outstanding | G20: 91891.56
F21: Grand Total | G21: 503538.93

Sheet Pivot Chart

Sheet Dashboard
